[
  {
    "x": 50,
    "y": -20,
    "angle": 0
  },
  {
    "x": 150,
    "y": -10,
    "angle": 0
  },
  {
    "x": 250,
    "y": 0,
    "angle": 0
  },
  {
    "x": 350,
    "y": 20,
    "angle": 0
  },
  {
    "x": 450,
    "y": 10,
    "angle": 0
  },
  {
    "x": -50,
    "y": 50,
    "angle": 0
  },
  {
    "x": -150,
    "y": 20,
    "angle": 0
  },
  {
    "x": -250,
    "y": -20,
    "angle": 0
  },
  {
    "x": -350,
    "y": 20,
    "angle": 0
  },
  {
    "x": -450,
    "y": 10,
    "angle": 0
  },
  {
    "x": -500,
    "y": 0,
    "angle": 0
  }
]
