{
  "dialog":
  [
    {
      "rect": {
        "width": 500,
        "height": 120
      },
      "text": {
        "x": 0,
        "y": 0,
        "string": "Bon, je pense avoir compris, hmm.. Par quel pays commencer ?",
        "backLineSpecial": true
      }
    },
    {
      "rect": {
        "width": 500,
        "height": 120
      },
      "text": {
        "x": 0,
        "y": 0,
        "string": "De souvenir, la France, je trouvai ça bien sympa!",
        "backLineSpecial": true
      }
    }
  ]
}
