[
  {
    "x": -100,
    "y": -220,
    "angle": 0
  },
  {
    "x": -150,
    "y": -200,
    "angle": -0.1
  },
  {
    "x": -175,
    "y": -200,
    "angle": -0.1
  },
  {
    "x": -200,
    "y": -200,
    "angle": -0.2
  },
  {
    "x": -225,
    "y": -200,
    "angle": -0.2
  },
  {
    "x": -250,
    "y": -180,
    "angle": -0.4
  },
  {
    "x": -275,
    "y": -180,
    "angle": -0.4
  },
  {
    "x": -300,
    "y": -160,
    "angle": -0.5
  },
  {
    "x": -325,
    "y": -160,
    "angle": -0.5
  },
  {
    "x": -350,
    "y": -140,
    "angle": -0.6
  },
  {
    "x": 0,
    "y": -230,
    "angle": 0
  },
  {
    "x": 25,
    "y": -220,
    "angle": 0
  },
  {
    "x": 50,
    "y": -220,
    "angle": 0
  },
  {
    "x": 100,
    "y": -220,
    "angle": 0
  },
  {
    "x": 150,
    "y": -200,
    "angle": 0.1
  },
  {
    "x": 175,
    "y": -160,
    "angle": 0.2
  },
  {
    "x": 200,
    "y": -160,
    "angle": 0.2
  },
  {
    "x": 225,
    "y": -160,
    "angle": 0.2
  },
  {
    "x": 250,
    "y": -140,
    "angle": 0.3
  },
  {
    "x": 275,
    "y": -140,
    "angle": 0.3
  },
  {
    "x": 300,
    "y": -160,
    "angle": 0.5
  },
  {
    "x": 350,
    "y": -120,
    "angle": 0.4
  },
  {
    "x": 380,
    "y": -120,
    "angle": 0.4
  }
]
