{
  "top": [
    {
      "x": -18,
      "y": -45
    },
    {
      "x": 18,
      "y": -45
    },
    {
      "x": 18,
      "y": -20
    },
    {
      "x": -18,
      "y": -20
    }
  ],
  "bottom": [
    {
      "x": -18,
      "y": 28
    },
    {
      "x": 18,
      "y": 28
    },
    {
      "x": 18,
      "y": 46
    },
    {
      "x": -18,
      "y": 46
    }
  ],
  "left": [
    {
      "x": 10,
      "y": -20
    },
    {
      "x": 26,
      "y": -20
    },
    {
      "x": 26,
      "y": 26
    },
    {
      "x": 10,
      "y": 26
    }
  ],
  "right": [
    {
      "x": -26,
      "y": -20
    },
    {
      "x": -10,
      "y": -20
    },
    {
      "x": -10,
      "y": 26
    },
    {
      "x": -26,
      "y": 26
    }
  ]
}
