{
	"head0": {
		"type": "head",
		"x": "0",
		"y": "0",
		"width": 109,
		"height": 106,
		"collider": {
			"bottom": {
				"x": 2,
				"y": 50
			},
			"top": {
				"x": 0,
				"y": -40
			}
		}
	},
	"head1": {
		"type": "head",
		"x": "109",
		"y": "0",
		"width": 102,
		"height": 106,
		"collider": {
			"bottom": {
				"x": 0,
				"y": 50
			},
			"top": {
				"x": 0,
				"y": -40
			}
		}
	},
	"head2": {
		"type": "head",
		"x": "212",
		"y": "0",
		"width": 109,
		"height": 110,
		"collider": {
			"bottom": {
				"x": 0,
				"y": 50
			},
			"top": {
				"x": 0,
				"y": -40
			}
		}
	},
	"leg0": {
		"type": "leg",
		"x": "0",
		"y": 340,
		"width": 69,
		"height": 106,
		"collider": {
			"top": {
				"x": 0,
				"y": -50
			}
		}
	},
	"leg1": {
		"type": "leg",
		"x": "69",
		"y": 340,
		"width": 68,
		"height": 106,
		"collider": {
			"top": {
				"x": 0,
				"y": -50
			}
		}
	},
	"leg2": {
		"type": "leg",
		"x": 137,
		"y": 340,
		"width": 56,
		"height": 106,
		"collider": {
			"top": {
				"x": 0,
				"y": -50
			}
		}
	},
	"arm0l": {
		"type": "arml",
		"x": 0,
		"y": 229,
		"width": 30,
		"height": 92,
		"collider": {
			"left": {
				"x": 14,
				"y": -7
			}
		}
	},
	"arm0r": {
		"type": "armr",
		"x": 144,
		"y": 229,
		"width": 30,
		"height": 92,
		"collider": {
			"right": {
				"x": -14,
				"y": -7
			}
		}
	},
	"arm1l": {
		"type": "arml",
		"x": 30,
		"y": 229,
		"width": 30,
		"height": 92,
		"collider": {
			"left": {
				"x": 14,
				"y": -7
			}
		}
	},
	"arm1r": {
		"type": "armr",
		"x": 114,
		"y": 229,
		"width": 30,
		"height": 92,
		"collider": {
			"right": {
				"x": -14,
				"y": -7
			}
		}
	},
	"arm2l": {
		"type": "arml",
		"x": 60,
		"y": 229,
		"width": 27,
		"height": 61,
		"collider": {
			"left": {
				"x": 13,
				"y": 7
			}
		}
	},
	"arm2r": {
		"type": "armr",
		"x": 87,
		"y": 229,
		"width": 27,
		"height": 61,
		"collider": {
			"right": {
				"x": -13,
				"y": 7
			}
		}
	}
}
